Z,name,mass,heat
1,H,1.00797,52.10200000
6,C,12.011,170.89000000
7,N,14.0067,113.00000000
8,O,15.9994,59.55900000
9,F,18.998403,18.89000000
