{"model":"mndo","trainingSet":"HC","nMolecules":2,"atomTypes":[1,6],"params":{"nddoParams":[[2.923872596996619,-6.223361279448596,0.0,-12.200323748751646,0.0,1.069186192976023,0.0,-13.001590497536032,12.848,0.0,0.0,0.0,0.0],[2.557247122343327,-18.85478639443113,-8.37759603357437,-52.57065157200492,-39.052682481453346,1.8390086164201689,1.812547531991438,-120.50766814009974,12.23,11.47,2.43,11.08,9.84]],"lastHessian":[-48638.03958869539,-36879.53949338407,-62500.19053368305,-41666.534807518474,62551.66241317056,254041.62966879085,-21370.10176284093,-32585.342951279017,-27979.723308817483,-66165.69804464234,-217404.15882959496,-303878.6631805124,23523.487398051657,12798.703228327213,18799.34589851473,17285.96394059423,-20063.532474523527,6962.836946513562,10562.08428053651,8475.307604385307,23086.04331119568,78824.65382863302,114007.81215343159,-7574.291034870839,0.0,41083.30746021238,10629.091148075531,-34016.35877708031,14357.968111653463,29103.80182584049,118273.62828626065,165881.81162660476,-12632.179682441347,0.0,0.0,0.0,-739045.2525942237,-22621.832777076634,208630.70549239637,128942.5930735888,-9220.65029044461,0.0,0.0,0.0,0.0,0.0,34036.215247397195,12763.579957209004,0.0,0.0,0.0,0.0,0.0,0.0,0.0,-165782.7786038979,-518581.9229882327,-753273.0371895013,58562.65116108261,0.0,0.0,0.0,0.0,13395.282167039113,51230.26658111485,61601.75544209778,-4734.235267278564,0.0,0.0,0.0,65203.98070279043,111689.66091645416,-7266.387638082961,0.0,0.0,0.0,55108.7500207359,81073.1796809705,-6363.983607116097,0.0,0.0,191752.43163772393,-15040.25627127703,0.0,0.0,632540.185470134,-47412.38763472211,0.0,-68451.49944183504,0.0,5318.159182934323],"lastGradient":[139993.6056504975,-44474.19039553697,-78479.0978652339,-40164.92987819076,76704.67063130443,209545.31084620522,-20533.42933622712,-30587.211059343605,-24353.404740811427,-57744.326122668266,-220148.59995326554,-274641.7092398882,20968.03972184224],"lastDir":[-6.586951759134063E-5,-5.889940334799636E-4,-6.266851239556384E-5,-9.723794559414421E-5,-1.0012802986003991E-4,2.7481063587702313E-5,-5.893358599333112E-4,5.0536424634295336E-5,5.079562164389812E-5,-2.6389748564800482E-5,3.1157752406960027E-4,0.003730024416615102,0.04985239486565693]},"molecules":[{"index":0,"name":"C1H4-0","restricted":true,"charge":0,"mult":1,"nElectrons":8,"datum":[365.7,0.0,0.0],"uniqueZs":[1,6],"atoms":[{"name":"C","Z":6,"coords":[-0.002034351468199161,0.0017017960237705916,-0.0019534002211956205]},{"name":"H","Z":1,"coords":[0.629089339746948,0.6328249802881893,0.6291689373614221]},{"name":"H","Z":1,"coords":[0.6290880998872855,-0.6294218835495019,-0.6330764823546221]},{"name":"H","Z":1,"coords":[-0.6331572965450091,-0.6294206669735888,0.6291704047668185]},{"name":"H","Z":1,"coords":[-0.633157548432845,0.6328247527424553,-0.6330764590708725]}],"expGeom":[{"name":"C","Z":6,"coords":[0.0,0.0,0.0]},{"name":"H","Z":1,"coords":[0.6304,0.6304,0.6304]},{"name":"H","Z":1,"coords":[0.6304,-0.6304,-0.6304]},{"name":"H","Z":1,"coords":[-0.6304,-0.6304,0.6304]},{"name":"H","Z":1,"coords":[-0.6304,0.6304,-0.6304]}]},{"index":1,"name":"C2H4-0","restricted":true,"charge":0,"mult":1,"nElectrons":12,"datum":[52.1,0.0,0.0],"uniqueZs":[1,6],"atoms":[{"name":"C","Z":6,"coords":[0.6594841093701217,-2.4986955808501744E-4,-0.003917962354410419]},{"name":"C","Z":6,"coords":[-0.6594224169590365,-2.4985421197737243E-4,0.004828695104591662]},{"name":"H","Z":1,"coords":[1.2435340577754495,-2.49866912204389E-4,0.904852214337498]},{"name":"H","Z":1,"coords":[1.2314297455192014,-2.4988490419266244E-4,-0.9203544109475957]},{"name":"H","Z":1,"coords":[-1.2434723648351882,-2.498568578580009E-4,-0.903941482116493]},{"name":"H","Z":1,"coords":[-1.2313680531081161,-2.4983886586972743E-4,0.9212651436977769]}],"expGeom":[{"name":"C","Z":6,"coords":[0.6642,0.0,0.0]},{"name":"C","Z":6,"coords":[-0.6642,0.0,0.0]},{"name":"H","Z":1,"coords":[1.239,0.0,0.9215]},{"name":"H","Z":1,"coords":[1.239,0.0,-0.9215]},{"name":"H","Z":1,"coords":[-1.239,0.0,-0.9215]},{"name":"H","Z":1,"coords":[-1.239,0.0,0.9215]}]}]}