{
  "model": "mndo",
  "trainingSet": "HC",
  "nMolecules": 5,
  "atomTypes": [
    1,
    6
  ],
  "params": {
    "nddoParams": [
      [
        2.6686682571340965,
        -6.27318980445469,
        0.0,
        -13.054136241392246,
        0.0,
        1.1381458705424699,
        0.0,
        -13.230716181375897,
        12.848,
        0.0,
        0.0,
        0.0,
        0.0
      ],
      [
        2.5572499654157435,
        -18.854021376560777,
        -8.377666892780198,
        -52.57072065877964,
        -39.05266019981942,
        1.838438013363027,
        1.805140784089995,
        -120.60738371097112,
        12.23,
        11.47,
        2.43,
        11.08,
        9.84
      ]
    ],
    "lastHessian": [
      1741.9192787319444,
      8628.352817300587,
      4813.365172114385,
      7463.290700752135,
      -3798.4514151616568,
      0.0,
      0.0,
      0.0,
      0.0,
      0.0,
      0.0,
      0.0,
      0.0,
      11000.851551958687,
      -4265.976448015245,
      3625.237766934888,
      -857.6366139760703,
      0.0,
      0.0,
      0.0,
      0.0,
      0.0,
      0.0,
      0.0,
      0.0,
      -7257.713098201477,
      -8824.117574154709,
      3314.1022447658142,
      0.0,
      0.0,
      0.0,
      0.0,
      0.0,
      0.0,
      0.0,
      0.0,
      4118.195052416908,
      694.0089925206848,
      0.0,
      0.0,
      0.0,
      0.0,
      0.0,
      0.0,
      0.0,
      0.0,
      789.8404247340268,
      0.0,
      0.0,
      0.0,
      0.0,
      0.0,
      0.0,
      0.0,
      0.0,
      0.0,
      0.0,
      0.0,
      0.0,
      0.0,
      0.0,
      0.0,
      0.0,
      0.0,
      0.0,
      0.0,
      0.0,
      0.0,
      0.0,
      0.0,
      0.0,
      0.0,
      0.0,
      0.0,
      0.0,
      0.0,
      0.0,
      0.0,
      0.0,
      0.0,
      0.0,
      0.0,
      0.0,
      0.0,
      0.0,
      0.0,
      0.0,
      0.0,
      0.0,
      0.0,
      0.0
    ],
    "lastGradient": [
      -570.0753177961368,
      215.52394739813545,
      513.7049750753154,
      875.9732654995601,
      -344.1078729741478,
      0.0,
      0.0,
      0.0,
      -4846.617862383115,
      -2603.9261344680162,
      0.0,
      0.0,
      2423.308795032097
    ],
    "lastDir": [
      0.0012273423598789174,
      -2.532470488786553E-4,
      0.0022627013426934806,
      9.606124828357771E-5,
      0.0012514297959663667,
      -0.0,
      -0.0,
      -0.0,
      -0.0,
      -0.0,
      -0.0,
      -0.0,
      -0.0
    ]
  },
  "molecules": [
    {
      "index": 0,
      "name": "H1-1",
      "restricted": true,
      "charge": 1,
      "mult": 1,
      "nElectrons": 1,
      "datum": [
        365.7,
        0.0,
        0.0
      ],
      "uniqueZs": [
        1
      ],
      "atoms": [
        {
          "name": "H",
          "Z": 1,
          "coords": [
            0.0,
            0.0,
            0.0
          ]
        }
      ],
      "expGeom": null
    },
    {
      "index": 1,
      "name": "H1-0",
      "restricted": false,
      "charge": 0,
      "mult": 2,
      "nElectrons": 1,
      "datum": [
        52.1,
        0.0,
        0.0
      ],
      "uniqueZs": [
        1
      ],
      "atoms": [
        {
          "name": "H",
          "Z": 1,
          "coords": [
            0.0,
            0.0,
            0.0
          ]
        }
      ],
      "expGeom": null
    },
    {
      "index": 2,
      "name": "H2-0",
      "restricted": true,
      "charge": 0,
      "mult": 1,
      "nElectrons": 2,
      "datum": [
        0.0,
        0.0,
        15.4
      ],
      "uniqueZs": [
        1
      ],
      "atoms": [
        {
          "name": "H",
          "Z": 1,
          "coords": [
            0.3599556629783091,
            -0.01,
            -0.01
          ]
        },
        {
          "name": "H",
          "Z": 1,
          "coords": [
            -0.3599556629783091,
            -0.01,
            -0.01
          ]
        }
      ],
      "expGeom": [
        {
          "name": "H",
          "Z": 1,
          "coords": [
            0.3713,
            0.0,
            0.0
          ]
        },
        {
          "name": "H",
          "Z": 1,
          "coords": [
            -0.3713,
            0.0,
            0.0
          ]
        }
      ]
    },
    {
      "index": 3,
      "name": "C1-1",
      "restricted": false,
      "charge": 1,
      "mult": 2,
      "nElectrons": 4,
      "datum": [
        430.6,
        0.0,
        0.0
      ],
      "uniqueZs": [
        6
      ],
      "atoms": [
        {
          "name": "C",
          "Z": 6,
          "coords": [
            0.0,
            0.0,
            0.0
          ]
        }
      ],
      "expGeom": null
    },
    {
      "index": 4,
      "name": "C1-0",
      "restricted": false,
      "charge": 0,
      "mult": 3,
      "nElectrons": 4,
      "datum": [
        170.9,
        0.0,
        0.0
      ],
      "uniqueZs": [
        6
      ],
      "atoms": [
        {
          "name": "C",
          "Z": 6,
          "coords": [
            0.0,
            0.0,
            0.0
          ]
        }
      ],
      "expGeom": null
    }
  ]
}