{"trainingSet":"HC","nMolecules":2,"atomTypes":[1,6],"params":{"nddoParams":[[2.924113021526677,-6.220202797433215,0.0,-12.200016025196945,0.0,1.0696553183616142,0.0,-13.001238595652731,12.848,0.0,0.0,0.0,0.0],[2.5569167991855726,-18.85153937825398,-8.377848830219175,-52.570917393179826,-39.05247151193496,1.8383666305493869,1.808556760460736,-120.55729029114305,12.23,11.47,2.43,11.08,9.84]],"lastHessian":[-48574.43249420612,-36860.406853520544,-62526.156043531955,-41511.955205351114,62589.655763076735,254285.85409827065,-21376.84583885857,-32530.1666634914,-28002.05674247991,-66214.20356168528,-217458.10878201155,-303840.1735102525,23538.190166618733,12773.881207976956,18769.78793006856,17221.28451547178,-20041.684447278385,6953.49503075704,10526.671412662836,8467.37186293467,23070.094830472954,78724.79112847941,113820.05766790826,-7566.39247356361,0.0,41088.76811187656,10474.616619831068,-34011.076895694714,14357.591562657035,29085.233345540473,118212.8444997943,165718.5732619837,-12630.128858290846,0.0,0.0,0.0,-725331.1361546366,-22523.95936920948,225494.73022081656,124659.06656871084,-9183.364322780108,0.0,0.0,0.0,0.0,0.0,34036.22117730265,12763.583249579824,0.0,0.0,0.0,0.0,0.0,0.0,0.0,-165851.31614192505,-518546.3797170087,-752922.4713653093,58582.04504420428,0.0,0.0,0.0,0.0,13391.558641160373,51200.72488352889,61530.85108962841,-4732.515167233942,0.0,0.0,0.0,65028.47081719665,111385.65096189268,-7249.534255606704,0.0,0.0,0.0,55097.86245966097,81029.55966023728,-6365.417161759979,0.0,0.0,191631.7067662021,-15041.820388432825,0.0,0.0,632326.8139385618,-47394.35649753432,0.0,-68398.01186288241,0.0,5318.15917838685],"lastGradient":[140082.06804706773,-44422.73536362875,-78470.49867767138,-39951.80191774972,76707.84866524507,209649.5550927543,-20536.103205385803,-30525.947304217138,-24356.946456376838,-57762.76534590855,-220104.27567689394,-274507.1635025942,20970.590472522978],"lastDir":[2.404245300581994E-4,0.003158482015381186,3.077235547023526E-4,4.691253855912358E-4,3.519018832998335E-4,-3.303231577543669E-4,0.003247016177150219,-2.527966448049566E-4,-2.65821174905982E-4,2.109695183865667E-4,-6.419858707821114E-4,-0.003990771530701946,-0.04962215104330684]},"molecules":[{"index":0,"name":"C1H4 0","restricted":true,"charge":0,"mult":1,"nElectrons":8,"datum":[365.7,0.0,0.0],"kind":"a","uniqueZs":[1,6],"atoms":[{"name":"C","Z":6,"coords":[-0.002023228186037159,0.0017129023722965715,-0.0019454175993395882]},{"name":"H","Z":1,"coords":[0.6289973361273833,0.632732969789335,0.6290738020775455]},{"name":"H","Z":1,"coords":[0.6289961084387716,-0.6293076555910103,-0.6329653749477439]},{"name":"H","Z":1,"coords":[-0.6330430548279384,-0.629306441131802,0.6290752641911808]},{"name":"H","Z":1,"coords":[-0.6330433024823652,0.6327327358934876,-0.6329653611891646]}],"expGeom":[{"name":"C","Z":6,"coords":[0.0,0.0,0.0]},{"name":"H","Z":1,"coords":[0.6304,0.6304,0.6304]},{"name":"H","Z":1,"coords":[0.6304,-0.6304,-0.6304]},{"name":"H","Z":1,"coords":[-0.6304,-0.6304,0.6304]},{"name":"H","Z":1,"coords":[-0.6304,0.6304,-0.6304]}]},{"index":1,"name":"C2H4 0","restricted":true,"charge":0,"mult":1,"nElectrons":12,"datum":[52.1,0.0,0.0],"kind":"a","uniqueZs":[1,6],"atoms":[{"name":"C","Z":6,"coords":[0.6594485344467199,-2.4167420742645778E-4,-0.0039294761685531795]},{"name":"C","Z":6,"coords":[-0.659355127981246,-2.4164774862017326E-4,0.004816491773957127]},{"name":"H","Z":1,"coords":[1.243169114106248,-2.416763241309605E-4,0.9047864493869495]},{"name":"H","Z":1,"coords":[1.2310655601593878,-2.4169484529535965E-4,-0.9203073047472391]},{"name":"H","Z":1,"coords":[-1.2430757076407741,-2.416456319156705E-4,-0.9038994337815456]},{"name":"H","Z":1,"coords":[-1.230972153693914,-2.4162658157514567E-4,0.921194320352643]}],"expGeom":[{"name":"C","Z":6,"coords":[0.6642,0.0,0.0]},{"name":"C","Z":6,"coords":[-0.6642,0.0,0.0]},{"name":"H","Z":1,"coords":[1.239,0.0,0.9215]},{"name":"H","Z":1,"coords":[1.239,0.0,-0.9215]},{"name":"H","Z":1,"coords":[-1.239,0.0,-0.9215]},{"name":"H","Z":1,"coords":[-1.239,0.0,0.9215]}]}]}