{"trainingSet":"HC","nMolecules":1,"atomTypes":[1,6],"params":{"nddoParams":[[2.92397599125172,-6.222578482830868,0.0,-12.200235077462583,0.0,1.0693232546199132,0.0,-13.00142320543855,12.848,0.0,0.0,0.0,0.0],[2.5572499654157435,-18.854021376560777,-8.377666892780198,-52.57072065877964,-39.05266019981942,1.838438013363027,1.805140784089995,-120.60738371097112,12.23,11.47,2.43,11.08,9.84]],"lastHessian":[-5065521.690994501,-78580.342233181,-122236.08791828156,-126601.66248679161,132422.42857813835,-2412707.544863224,-126601.66248679161,-218278.72842550278,-200816.43015146255,-456930.13817071915,-1290754.8807561398,-2408341.970294714,161526.25903487206,-8242204.785346985,-3.1852687243372202E7,-3.894238034263253E7,-42200.55416226387,-745058.0596923828,-3.658060450106859E7,-2.3555185180157423E7,-2302112.989127636,-8119968.697428703,-9035284.165292978,-2.4032487999647856E7,-50931.70329928398,-3482273.3141481876,-1.0566145647317171E7,-61118.04395914078,-1153966.8776094913,-3.773602657020092E7,-1.5247496776282787E7,-1.289736246690154E7,-2.4581095203757286E7,-2.6525231078267097E7,-1.4156103134155273E7,-80035.53375601768,-4.363100742921233E7,-69849.19309616089,-1239823.1774568558,-2.3558095563203096E7,-2.8233625926077366E7,-3.061140887439251E7,-1.2750388123095036E7,-2.293818397447467E7,-1.0528310667723417E7,-85856.29984736443,69849.19309616089,1217995.3046143055,-66938.81005048752,-116415.32182693481,-104773.78964424133,-240106.60126805305,-676664.0581190586,-1264561.4333450794,84401.10832452774,1.3633689377456903E7,-1200533.0063402653,-2082379.0691792965,-1855369.1916167736,-4313187.673687935,-1.2161035556346178E7,-2.271408447995782E7,1525040.715932846,-4.482135409489274E7,-4.595785867422819E7,-2.234883140772581E7,-3.992754500359297E7,-5.367182893678546E7,-2.8286012820899487E7,-82945.91680169106,6104528.438299894,-2.1091545931994915E7,-1.258158590644598E7,-3.0735100153833628E7,-1.791922841221094E7,-144063.96076083183,-4578032.530844212,-9089126.251637936,-2.0235893316566944E7,-2.6429188437759876E7,-132422.42857813835,5576293.915510178,-2.358719939365983E7,-3.0956289265304804E7,-299769.45370435715,-1491571.3109076023,1.2645614333450794E7,-848376.6578137875,3.660388756543398E7,-1584703.5683691502,-779982.6562404633],"lastGradient":[197569.7798479814,-63590.639329049736,-98257.03571550548,-105006.08259462751,103909.97951617464,1861913.151515182,-102284.58471829072,-177240.60482578352,-157728.40124554932,-367470.1131239999,-1036553.0195122119,-1935030.6765409186,129887.41640583612],"lastSearchDir":[-3.724068423200279E-4,1.4830716420792496E-5,2.5320065564478716E-8,2.5689925930822044E-5,-0.049996396731083276,4.229560923794664E-4,1.5440000720635529E-6,6.2025293908764195E-6,-7.153708814554215E-5,-3.9811670819210024E-5,6.096679614821761E-5,-5.779492631979143E-5,1.6749534201063526E-4]},"molecules":[{"index":0,"name":"C1H4 0","restricted":true,"charge":0,"mult":1,"nElectrons":8,"datum":[365.7,0.0,0.0],"kind":"a","uniqueZs":[1,6],"atoms":[{"name":"C","Z":6,"coords":[-0.002109905,0.002109805,-0.002109843]},{"name":"H","Z":1,"coords":[0.635848274,0.639091331,0.63584691]},{"name":"H","Z":1,"coords":[0.635846971,-0.635848277,-0.639091242]},{"name":"H","Z":1,"coords":[-0.639091099,-0.635846998,0.635848354]},{"name":"H","Z":1,"coords":[-0.639693041,0.6396927,-0.639692831]}],"expGeom":[{"name":"C","Z":6,"coords":[0.0,0.0,0.0]},{"name":"H","Z":1,"coords":[0.6304,0.6304,0.6304]},{"name":"H","Z":1,"coords":[0.6304,-0.6304,-0.6304]},{"name":"H","Z":1,"coords":[-0.6304,-0.6304,0.6304]},{"name":"H","Z":1,"coords":[-0.6304,0.6304,-0.6304]}]}]}