{
  "model": "mndo",
  "trainingSet": "HC",
  "nMolecules": 2,
  "atomTypes": [
    1,
    6
  ],
  "params": {
    "nddoParams": [
      [
        2.6768652026751485,
        -6.055265569158919,
        0.0,
        -12.179548179959877,
        0.0,
        1.089833146810452,
        0.0,
        -13.31759208651595,
        12.848,
        0.0,
        0.0,
        0.0,
        0.0
      ],
      [
        2.5585396208591167,
        -18.844665424325928,
        -8.361898787962723,
        -52.57568354806021,
        -39.08431696078609,
        1.861190723984808,
        2.259713322247947,
        -116.26944136342328,
        12.23,
        11.47,
        2.43,
        11.08,
        9.84
      ]
    ],
    "lastHessian": [
      112969.57740719213,
      -42379.092990805744,
      -79656.56400540093,
      -78112.73133952763,
      80762.89242641417,
      307533.7654152415,
      -24678.41247323004,
      -30699.79714940414,
      -37728.9634115921,
      -84099.69235802071,
      -265738.8770777543,
      -328449.0229481216,
      30532.339470091156,
      14840.302218112838,
      16838.989577643322,
      10235.586340572048,
      -18267.900927641862,
      14635.62766827677,
      5581.889611540954,
      8514.300010036122,
      19453.072714198355,
      57892.8217774212,
      79187.6578646677,
      462.001802564595,
      -118.44660009247842,
      37837.65933260104,
      23936.42841664705,
      -33994.98436516801,
      17326.457429915514,
      30537.774630322976,
      109853.65603892562,
      134320.876644507,
      -12509.940924960863,
      1243.1216756228746,
      1622.256999788352,
      -175.6116799908651,
      -134688.79993785784,
      -32781.2737125167,
      156790.24511725185,
      137599.1703405966,
      -15316.478606305736,
      -1029.3003804319462,
      255.09050537155346,
      -9103.396673367317,
      -10845.400135831736,
      -23.383967802995684,
      34452.74709573361,
      10305.75169380046,
      188.8503610877014,
      -253.93140512057363,
      -157.151663502551,
      49.51064520148277,
      -1485.566438961679,
      -1904.6077235787266,
      166.77659859929238,
      -143626.14963569026,
      -470667.62524428056,
      -597870.1800428422,
      57170.49060999637,
      -219.81078041606935,
      8450.764605152339,
      9777.384433268537,
      389.42920534696606,
      11985.149461355362,
      37385.66232080622,
      44970.52538460202,
      -4241.443757056526,
      -812.9274623992698,
      -1509.8075640925776,
      683.1333906592496,
      43788.2698997527,
      57189.605003687335,
      -5172.5776025322,
      619.1038507947178,
      -167.48050055864474,
      1147.2389381649662,
      56740.518845438775,
      71396.79965120195,
      -6038.368224303709,
      952.160807074052,
      -282.49060666674586,
      158998.33299475798,
      -15031.044906136742,
      101.56635352774006,
      -288.4631747137937,
      483953.4558953061,
      -39379.64759873526,
      748.2508212009217,
      -54702.849589437814,
      5464.579290292892,
      -468.7592097601182
    ],
    "lastGradient": [
      63588.847323172646,
      -12623.056959039954,
      -30507.132071179436,
      -19507.376417658645,
      28464.098575885764,
      6023.637943434704,
      -3987.9818258516243,
      -4253.068290914598,
      -2093.3075876010553,
      -5402.806868452226,
      -47176.338555425944,
      -32992.63707190489,
      2384.7874014725385
    ],
    "lastDir": [
      -4.247479557022822E-4,
      0.0016044697218200578,
      9.79968899559116E-6,
      1.9506336233164408E-4,
      -0.001589732642948091,
      1.2735600290483904E-4,
      2.9975195912264736E-4,
      -2.478642043975082E-4,
      1.68508727688767E-4,
      -6.26284515222238E-4,
      2.221541672615522E-4,
      0.00475878952507879,
      0.04971314016741417
    ]
  },
  "molecules": [
    {
      "index": 0,
      "name": "C1H4-0",
      "restricted": true,
      "charge": 0,
      "mult": 1,
      "nElectrons": 8,
      "datum": [
        365.7,
        0.0,
        0.0
      ],
      "uniqueZs": [
        1,
        6
      ],
      "atoms": [
        {
          "name": "C",
          "Z": 6,
          "coords": [
            -0.0017467310144835507,
            0.0019252480513089172,
            -0.0019284029993702804
          ]
        },
        {
          "name": "H",
          "Z": 1,
          "coords": [
            0.6423882120726242,
            0.6460611515930847,
            0.6422074592666678
          ]
        },
        {
          "name": "H",
          "Z": 1,
          "coords": [
            0.6423894651616898,
            -0.6422102310912141,
            -0.6460634365755954
          ]
        },
        {
          "name": "H",
          "Z": 1,
          "coords": [
            -0.645882502791404,
            -0.6422104120694491,
            0.6422068739978728
          ]
        },
        {
          "name": "H",
          "Z": 1,
          "coords": [
            -0.6458820985008441,
            0.6460604837728142,
            -0.6460645086864261
          ]
        }
      ],
      "expGeom": [
        {
          "name": "C",
          "Z": 6,
          "coords": [
            0.0,
            0.0,
            0.0
          ]
        },
        {
          "name": "H",
          "Z": 1,
          "coords": [
            0.6304,
            0.6304,
            0.6304
          ]
        },
        {
          "name": "H",
          "Z": 1,
          "coords": [
            0.6304,
            -0.6304,
            -0.6304
          ]
        },
        {
          "name": "H",
          "Z": 1,
          "coords": [
            -0.6304,
            -0.6304,
            0.6304
          ]
        },
        {
          "name": "H",
          "Z": 1,
          "coords": [
            -0.6304,
            0.6304,
            -0.6304
          ]
        }
      ]
    },
    {
      "index": 1,
      "name": "C2H4-0",
      "restricted": true,
      "charge": 0,
      "mult": 1,
      "nElectrons": 12,
      "datum": [
        52.1,
        0.0,
        0.0
      ],
      "uniqueZs": [
        1,
        6
      ],
      "atoms": [
        {
          "name": "C",
          "Z": 6,
          "coords": [
            0.671153721431104,
            -7.242674879480137E-5,
            -0.004581057082228678
          ]
        },
        {
          "name": "C",
          "Z": 6,
          "coords": [
            -0.6683591555407387,
            -7.011001571653095E-5,
            0.0043015642446275395
          ]
        },
        {
          "name": "H",
          "Z": 1,
          "coords": [
            1.24330004233409,
            -7.263312748382045E-5,
            0.9289137749837278
          ]
        },
        {
          "name": "H",
          "Z": 1,
          "coords": [
            1.2308698279648416,
            -7.4178321770835E-5,
            -0.9455815312240373
          ]
        },
        {
          "name": "H",
          "Z": 1,
          "coords": [
            -1.240505476972901,
            -6.990416620363756E-5,
            -0.9291932667629768
          ]
        },
        {
          "name": "H",
          "Z": 1,
          "coords": [
            -1.2280752626036526,
            -6.835897191662301E-5,
            0.9453020389156123
          ]
        }
      ],
      "expGeom": [
        {
          "name": "C",
          "Z": 6,
          "coords": [
            0.6642,
            0.0,
            0.0
          ]
        },
        {
          "name": "C",
          "Z": 6,
          "coords": [
            -0.6642,
            0.0,
            0.0
          ]
        },
        {
          "name": "H",
          "Z": 1,
          "coords": [
            1.239,
            0.0,
            0.9215
          ]
        },
        {
          "name": "H",
          "Z": 1,