{"model":"mndo","trainingSet":"HC","nMolecules":2,"atomTypes":[1,6],"params":{"nddoParams":[[2.925334381118077,-6.202333964371186,0.0,-12.198311142104519,0.0,1.0722646624963268,0.0,-12.99958555329723,12.848,0.0,0.0,0.0,0.0],[2.5541214000152865,-18.832828841264153,-8.37919494694778,-52.57237334992045,-39.05106866408566,1.8364591043677727,1.8130964414769841,-120.46281182298763,12.23,11.47,2.43,11.08,9.84]],"lastHessian":[-48140.18604520243,-36777.4786263908,-62388.5847562633,-43547.41440693033,62407.386785707786,254014.6258979803,-21301.739234331762,-32498.013706572237,-27947.09530462569,-65945.18841666286,-216162.97075524926,-302949.16083221324,23468.37041386607,12779.69249713351,18807.31767414545,17903.54465811106,-20054.656888532918,6954.6688655464095,10555.722810750012,8485.994903821847,23047.471222525928,78511.73420931445,113852.5435817428,-7571.531623398187,0.0,41094.61614461907,11901.180896529695,-34034.19936148566,14385.155009222217,29105.418234394165,117934.09346864792,165756.99111854192,-12637.747468033922,0.0,0.0,0.0,-726653.8023031899,-23700.672509221477,211179.4573283987,128352.44931920897,-9626.721571294183,0.0,0.0,0.0,0.0,0.0,34036.22007681406,12763.582371917437,0.0,0.0,0.0,0.0,0.0,0.0,0.0,-165997.23781837383,-518023.7302556634,-754384.4643078046,58685.75563454215,0.0,0.0,0.0,0.0,13371.641707635717,50991.478929063305,61495.85053208284,-4730.142063635867,0.0,0.0,0.0,64961.55056083808,111471.91871714313,-7262.960079970071,0.0,0.0,0.0,54994.11665368825,81121.27106869593,-6370.986129695666,0.0,0.0,191531.01828123908,-15027.456179268484,0.0,0.0,630586.7793707876,-47258.729719033,0.0,-68407.29252417077,0.0,5318.160719980369],"lastGradient":[139111.20278014545,-44261.068997873044,-78222.45679626847,-42341.04998896354,76390.54580967737,208755.5351362476,-20404.660129054188,-30421.921343697202,-24244.858888060106,-57303.19688338361,-218197.36533281388,-272779.4173881516,20844.991679895957],"lastDir":[-9.536144803968852E-5,-0.0010083185180729092,-1.0083558950428347E-4,-1.6553469562478188E-4,-1.3670272260018256E-4,7.040202283163439E-5,-0.0010314439195122133,8.425581964948945E-5,8.71033902906253E-5,-6.40269668560605E-5,3.7230938035068923E-4,0.0037698023808706155,0.04983452919421181]},"molecules":[{"index":0,"name":"C1H4-0","restricted":true,"charge":0,"mult":1,"nElectrons":8,"datum":[365.7,0.0,0.0],"uniqueZs":[1,6],"atoms":[{"name":"C","Z":6,"coords":[-0.002054192927031904,0.0016894402904118577,-0.0019623597021796767]},{"name":"H","Z":1,"coords":[0.6291680234742529,0.6329111952501151,0.6292585565133643]},{"name":"H","Z":1,"coords":[0.6291668487032539,-0.6295327935736851,-0.6331839712551529]},{"name":"H","Z":1,"coords":[-0.6332757145200638,-0.6295315833478856,0.629259982113847]},{"name":"H","Z":1,"coords":[-0.6332759298947469,0.6329109438914554,-0.6331840067099533]}],"expGeom":[{"name":"C","Z":6,"coords":[0.0,0.0,0.0]},{"name":"H","Z":1,"coords":[0.6304,0.6304,0.6304]},{"name":"H","Z":1,"coords":[0.6304,-0.6304,-0.6304]},{"name":"H","Z":1,"coords":[-0.6304,-0.6304,0.6304]},{"name":"H","Z":1,"coords":[-0.6304,0.6304,-0.6304]}]},{"index":1,"name":"C2H4-0","restricted":true,"charge":0,"mult":1,"nElectrons":12,"datum":[52.1,0.0,0.0],"uniqueZs":[1,6],"atoms":[{"name":"C","Z":6,"coords":[0.6602618368761676,-2.481248643986178E-4,-0.003929792086700217]},{"name":"C","Z":6,"coords":[-0.6601727733591573,-2.4811163499547555E-4,0.004826957819371021]},{"name":"H","Z":1,"coords":[1.244396496854048,-2.481148100522297E-4,0.9049857450535262]},{"name":"H","Z":1,"coords":[1.2322903070809057,-2.4814761897202245E-4,-0.9205126758849148]},{"name":"H","Z":1,"coords":[-1.244307434924566,-2.4812168934186367E-4,-0.9040885782625031]},{"name":"H","Z":1,"coords":[-1.2322012440930716,-2.4808940959819656E-4,0.9214098421467617]}],"expGeom":[{"name":"C","Z":6,"coords":[0.6642,0.0,0.0]},{"name":"C","Z":6,"coords":[-0.6642,0.0,0.0]},{"name":"H","Z":1,"coords":[1.239,0.0,0.9215]},{"name":"H","Z":1,"coords":[1.239,0.0,-0.9215]},{"name":"H","Z":1,"coords":[-1.239,0.0,-0.9215]},{"name":"H","Z":1,"coords":[-1.239,0.0,0.9215]}]}]}