{"trainingSet":"HC","nMolecules":2,"atomTypes":[1,6],"params":{"nddoParams":[[2.9239384665142105,-6.222772285415116,0.0,-12.200261080239251,0.0,1.069283430921617,0.0,-13.001490369506172,12.848,0.0,0.0,0.0,0.0],[2.557219641279739,-18.8541970585712,-8.377646569999005,-52.570702367626566,-39.05265609170478,1.8386970388960993,1.8088175075748227,-120.55752053496539,12.23,11.47,2.43,11.08,9.84]],"lastHessian":[-48706.66884016828,-36902.12826768402,-62479.20014175179,-41782.46489573212,62519.35718864843,253818.1425188668,-21365.814145610784,-32642.674996168353,-27959.11208522739,-66124.31177927647,-217380.13812864665,-303935.87236176245,23510.816695306858,12824.397863369086,18829.36836409499,17338.435782221495,-20086.33565310447,6972.745190978458,10597.92182786623,8483.476740366314,23103.98795088986,78932.63005826157,114199.0622272715,-7582.624280075834,0.0,41079.521615756676,10757.151840152801,-34022.93687031488,14358.75017705257,29124.38741986989,118345.98419227405,166051.8093558494,-12634.930635613273,0.0,0.0,0.0,-737006.6059411329,-22696.627111145062,213562.11673264625,127997.00496543664,-9249.416752936668,0.0,0.0,0.0,0.0,0.0,34036.21407414903,12763.579661623226,0.0,0.0,0.0,0.0,0.0,0.0,0.0,-165716.52773563983,-518639.3150506774,-753601.7569509568,58543.05260527326,0.0,0.0,0.0,0.0,13399.035815382376,51262.443521409295,61670.450668316334,-4735.878569590568,0.0,0.0,0.0,65383.679429942276,111994.60037460085,-7283.364288923622,0.0,0.0,0.0,55120.16334250802,81111.52950732503,-6362.314284160675,0.0,0.0,191870.89841580018,-15039.01015894371,0.0,0.0,633579.952918808,-47433.42843994469,0.0,-68504.00749044638,0.0,5318.158887348545],"lastGradient":[139929.9143163353,-44529.55120935056,-78492.23565544031,-40328.25369562174,76707.21845497344,209465.28092797677,-20533.58883139225,-30650.898407516488,-24351.68613274962,-57734.346496237,-220226.7809628622,-274799.7308170001,20967.76249773498],"lastDir":[-3.752473750913365E-5,-1.9380258424834802E-4,-2.6002776667740696E-5,-3.9823698296189415E-5,-6.716406762181399E-5,-3.0324136004276705E-5,-1.7568201042090443E-4,2.0322781192912102E-5,1.8291153074511032E-5,4.108114641316719E-6,2.590255330722326E-4,0.00367672348482775,0.049863176005726886]},"molecules":[{"index":0,"name":"C1H4-0","restricted":true,"charge":0,"mult":1,"nElectrons":8,"datum":[365.7,0.0,0.0],"uniqueZs":[1,6],"atoms":[{"name":"C","Z":6,"coords":[-0.0020491726331274837,0.0016895926931360565,-0.001962318426441873]},{"name":"H","Z":1,"coords":[0.6291625364470057,0.6328999423198023,0.6292480216750541]},{"name":"H","Z":1,"coords":[0.629161279124531,-0.6295221005117133,-0.6331725712138772]},{"name":"H","Z":1,"coords":[-0.6332592825430089,-0.6295208754689824,0.6292495033682061]},{"name":"H","Z":1,"coords":[-0.6332600588443852,0.6329002386584327,-0.6331730601726173]}],"expGeom":[{"name":"C","Z":6,"coords":[0.0,0.0,0.0]},{"name":"H","Z":1,"coords":[0.6304,0.6304,0.6304]},{"name":"H","Z":1,"coords":[0.6304,-0.6304,-0.6304]},{"name":"H","Z":1,"coords":[-0.6304,-0.6304,0.6304]},{"name":"H","Z":1,"coords":[-0.6304,0.6304,-0.6304]}]},{"index":1,"name":"C2H4-0","restricted":true,"charge":0,"mult":1,"nElectrons":12,"datum":[52.1,0.0,0.0],"uniqueZs":[1,6],"atoms":[{"name":"C","Z":6,"coords":[0.6594969159615396,-2.578426547707874E-4,-0.0039040100966804786]},{"name":"C","Z":6,"coords":[-0.6594691241605944,-2.578463590036672E-4,0.004843404613357464]},{"name":"H","Z":1,"coords":[1.2438518671979595,-2.578352463050277E-4,0.9049189720224582]},{"name":"H","Z":1,"coords":[1.2317469421557579,-2.578474173559186E-4,-0.9203974509586026]},{"name":"H","Z":1,"coords":[-1.2438240748678384,-2.578537674694269E-4,-0.9039795780349574]},{"name":"H","Z":1,"coords":[-1.2317191498256366,-2.57841596418536E-4,0.9213368454752795]}],"expGeom":[{"name":"C","Z":6,"coords":[0.6642,0.0,0.0]},{"name":"C","Z":6,"coords":[-0.6642,0.0,0.0]},{"name":"H","Z":1,"coords":[1.239,0.0,0.9215]},{"name":"H","Z":1,"coords":[1.239,0.0,-0.9215]},{"name":"H","Z":1,"coords":[-1.239,0.0,-0.9215]},{"name":"H","Z":1,"coords":[-1.239,0.0,0.9215]}]}]}