{
  "model": "mndo",
  "trainingSet": "HC",
  "nMolecules": 7,
  "atomTypes": [
    1,
    6
  ],
  "params": {
    "nddoParams": [
      [
        2.9240899268696117,
        -6.221613466254487,
        0.0,
        -12.201261294494964,
        0.0,
        1.0700871381370014,
        0.0,
        -13.000939545431557,
        12.848,
        0.0,
        0.0,
        0.0,
        0.0
      ],
      [
        2.5557011033422623,
        -18.899315341078008,
        -8.369120570377765,
        -52.52654499617932,
        -39.09094371641386,
        1.8565853305116653,
        1.7942465535708587,
        -120.60910652583274,
        12.23,
        11.47,
        2.43,
        11.08,
        9.84
      ]
    ],
    "lastHessian": [
      26504.168203764777,
      -11484.236285248528,
      -18033.91251634423,
      -23074.37609285756,
      17316.22811337985,
      22201.944513113856,
      -2113.884311154557,
      -3446.8323070591114,
      -8978.26268925428,
      -11906.256926970116,
      -22780.352330826758,
      -30377.03160153171,
      5376.866213175901,
      6790.611875437946,
      9865.155761836775,
      15398.789169474014,
      -9466.856492821307,
      0.0,
      716.2233836588427,
      1253.5679525882415,
      3257.2867830538144,
      4181.923171557855,
      7830.021091983497,
      10302.195310032403,
      -1875.4336706194863,
      17367.19723217206,
      22766.25809526589,
      -19604.383528282196,
      0.0,
      0.0,
      0.0,
      5773.68428857028,
      7756.857575245135,
      14544.719948297314,
      19078.232855349597,
      -3458.716305182463,
      54187.18082974561,
      -21931.993274701967,
      0.0,
      0.0,
      0.0,
      0.0,
      0.0,
      3519.31116540527,
      7863.553178282245,
      -1354.0648855858706,
      18263.10040573986,
      0.0,
      0.0,
      0.0,
      0.0,
      0.0,
      0.0,
      0.0,
      3190.895450906339,
      33943.63848013171,
      -3036.2219583235374,
      -4979.562463836018,
      -13047.045511243028,
      -17264.59194632213,
      -32874.175640245085,
      -43907.12327705159,
      7811.880294159579,
      338.08481343378105,
      344.7472149886721,
      1255.5575130335228,
      1558.5119400540748,
      2996.9794847772846,
      4136.923651643087,
      -713.1814664695924,
      707.9838167367569,
      2101.2532294406583,
      2700.5519315537185,
      5133.703472068873,
      6649.021419136147,
      -1225.106894331418,
      6358.317204515629,
      7924.165182124909,
      13160.182619280647,
      17973.039032312954,
      -3636.4271305444618,
      9832.186814655586,
      17125.37978633577,
      23783.449318699466,
      -4604.345182031011,
      33126.033356722925,
      45009.15277304784,
      -7832.04056507003,
      59715.90756942646,
      -10816.172962275772,
      2127.2636110225562
    ],
    "lastGradient": [
      -2364.2715999953334,
      1782.0553136919157,
      3275.8201187425993,
      5753.257475272407,
      -2728.804731543949,
      -1713.4277226671998,
      171.85405342765813,
      263.6104019343943,
      -4224.808115046212,
      -1736.7100816716616,
      1900.3197836534757,
      2343.851451629113,
      2036.6589932503566
    ],
    "lastDir": [
      0.001014118058249741,
      -0.0026197970514449287,
      0.0010627281512062873,
      7.653845171227473E-4,
      -3.21869640474772E-4,
      -5.088743216070914E-4,
      0.001542447293100144,
      -0.001978373434257363,
      0.03284864671812976,
      -0.033603203229220585,
      0.014846839582800813,
      -0.007422406368852189,
      -8.800439843529084E-5
    ]
  },
  "molecules": [
    {
      "index": 0,
      "name": "H1-1",
      "restricted": true,
      "charge": 1,
      "mult": 1,
      "nElectrons": 1,
      "datum": [
        365.7,
        0.0,
        0.0
      ],
      "uniqueZs": [
        1
      ],
      "atoms": [
        {
          "name": "H",
          "Z": 1,
          "coords": [
            0.0,
            0.0,
            0.0
          ]
        }
      ],
      "expGeom": null
    },
    {
      "index": 1,
      "name": "H1-0",
      "restricted": false,
      "charge": 0,
      "mult": 2,
      "nElectrons": 1,
      "datum": [
        52.1,
        0.0,
        0.0
      ],
      "uniqueZs": [
        1
      ],
      "atoms": [
        {
          "name": "H",
          "Z": 1,
          "coords": [
            0.0,
            0.0,
            0.0
          ]
        }
      ],
      "expGeom": null
    },
    {
      "index": 2,
      "name": "H2-0",
      "restricted": true,
      "charge": 0,
      "mult": 1,
      "nElectrons": 2,
      "datum": [
        0.0,
        0.0,
        15.4
      ],
      "uniqueZs": [
        1
      ],
      "atoms": [
        {
          "name": "H",
          "Z": 1,
          "coords": [
            0.35347758674519647,
            -0.01,
            -0.01
          ]
        },
        {
          "name": "H",
          "Z": 1,
          "coords": [
            -0.35347758674519647,
            -0.01,
            -0.01
          ]
        }
      ],
      "expGeom": [
        {
          "name": "H",
          "Z": 1,
          "coords": [
            0.3713,
            0.0,
            0.0
          ]
        },
        {
          "name": "H",
          "Z": 1,
          "coords": [
            -0.3713,
            0.0,
            0.0
          ]
        }
      ]
    },
    {
      "index": 3,
      "name": "C1-1",
      "restricted": false,
      "charge": 1,
      "mult": 2,
      "nElectrons": 4,
      "datum": [
        430.6,
        0.0,
        0.0
      ],
      "uniqueZs": [
        6
      ],
      "atoms": [
        {
          "name": "C",
          "Z": 6,
          "coords": [
            0.0,
            0.0,
            0.0
          ]
        }
      ],
      "expGeom": null
    },
    {
      "index": 4,
      "name": "C1-0",
      "restricted": false,
      "charge": 0,
      "mult": 3,
      "nElectrons": 4,
      "datum": [
        170.9,
        0.0,
        0.0
      ],
      "uniqueZs": [
        6
      ],
      "atoms": [
        {
          "name": "C",
          "Z": 6,
          "coords": [
            0.0,
            0.0,
            0.0
          ]
        }
      ],
      "expGeom": null
    },
    {
      "index": 5,
      "name": "C1H1-0",
      "restricted": false,
      "charge": 0,
      "mult": 2,
      "nElectrons": 5,
      "datum": [
        142.4,
        0.0,
        0.0
      ],
      "uniqueZs": [
        1,
        6
      ],
      "atoms": [
        {
          "name": "C",
          "Z": 6,
          "coords": [
            0.11876239462780398,
            1.9305775195398285,
            0.018778248215353517
          ]
        },
        {
          "name": "H",
          "Z": 1,
          "coords": [
            -0.05233787948542914,
            2.0046907261883975,
            1.0993644774650349
          ]
        }
      ],
      "expGeom": null
    },
    {
      "index": 6,
      "name": "C1H2-0",
      "restricted": true,
      "charge": 0,
      "mult": 1,
      "nElectrons": 6,
      "datum": [
        99.8,
        0.0,
        0.0
      ],
      "uniqueZs": [
        1,
        6
      ],
      "atoms": [
        {
          "name": "C",
          "Z": 6,
          "coords": [
            0.3275315891688231,
            -0.009973308885396326,
            -0.022243133146004984
          ]
        },
        {
          "name": "H",
          "Z": 1,
          "coords": [
            -0.3472228186037159,
            -0.00997343482931424,
            0.8279722743460706
          ]
        },
        {
          "name": "H",
          "Z": 1,
          "coords": [
            -0.22042716684394068,
            -0.009973358098776015,
            -0.9592067030739841
          ]
        }
      ],
      "expGeom": [
        {
          "name": "C",
          "Z": 6,