{
  "hash": "E9EB1654",
  "model": "mndo",
  "trainingSet": "HC",
  "nMolecules": 205,
  "atomTypes": [
    1,
    6
  ],
  "neededParams": [
    [
      0,
      1,
      3,
      5,
      7
    ],
    [
      0,
      1,
      2,
      3,
      4,
      5,
      6,
      7
    ]
  ],
  "params": {
    "nddoParams": [
      [
        2.92397599125172,
        -6.222578482830868,
        0.0,
        -12.200235077462583,
        0.0,
        1.0693232546199132,
        0.0,
        -13.00142320543855,
        12.848,
        0.0,
        0.0,
        0.0,
        0.0
      ],
      [
        2.5572499654157435,
        -18.854021376560777,
        -8.377666892780198,
        -52.57072065877964,
        -39.05266019981942,
        1.838438013363027,
        1.805140784089995,
        -120.60738371097112,
        12.23,
        11.47,
        2.43,
        11.08,
        9.84
      ]
    ],
    "lastHessian": [
      0.0,
      0.0,
      0.0,
      0.0,
      0.0,
      0.0,
      0.0,
      0.0,
      0.0,
      0.0,
      0.0,
      0.0,
      0.0,
      0.0,
      0.0,
      0.0,
      0.0,
      0.0,
      0.0,
      0.0,
      0.0,
      0.0,
      0.0,
      0.0,
      0.0,
      0.0,
      0.0,
      0.0,
      0.0,
      0.0,
      0.0,
      0.0,
      0.0,
      0.0,
      0.0,
      0.0,
      0.0,
      0.0,
      0.0,
      0.0,
      0.0,
      0.0,
      0.0,
      0.0,
      0.0,
      0.0,
      0.0,
      0.0,
      0.0,
      0.0,
      0.0,
      0.0,
      0.0,
      0.0,
      0.0,
      0.0,
      0.0,
      0.0,
      0.0,
      0.0,
      0.0,
      0.0,
      0.0,
      0.0,
      0.0,
      0.0,
      0.0,
      0.0,
      0.0,
      0.0,
      0.0,
      0.0,
      0.0,
      0.0,
      0.0,
      0.0,
      0.0,
      0.0,
      0.0,
      0.0,
      0.0,
      0.0,
      0.0,
      0.0,
      0.0,
      0.0,
      0.0,
      0.0,
      0.0,
      0.0,
      0.0
    ],
    "lastGradient": [
      0.0,
      0.0,
      0.0,
      0.0,
      0.0,
      0.0,
      0.0,
      0.0,
      0.0,
      0.0,
      0.0,
      0.0,
      0.0
    ],
    "lastDir": [
      0.0,
      0.0,
      0.0,
      0.0,
      0.0,
      0.0,
      0.0,
      0.0,
      0.0,
      0.0,
      0.0,
      0.0,
      0.0
    ]
  },
  "molecules": [
    {
      "index": 189,
      "name": "C10H16_0_RHF",
      "isUsing": false,
      "restricted": true,
      "charge": 0,
      "mult": 1,
      "nElectrons": 56,
      "datum": [
        -31.9,
        0.0,
        9.6
      ],
      "mats": [
        1,
        6
      ],
      "mnps": [
        [
          0,
          1,
          3,
          5,
          7
        ],
        [
          0,
          1,
          2,
          3,
          4,
          5,
          6,
          7
        ]
      ],
      "atoms": [
        {
          "name": "C",
          "Z": 6,
          "coords": [
            0.005042581744482016,
            0.012572973387732639,
            0.007264013377572458
          ]
        },
        {
          "name": "C",
          "Z": 6,
          "coords": [
            0.00515106020436782,
            2.523578775803951,
            0.007162776163790595
          ]
        },
        {
          "name": "C",
          "Z": 6,
          "coords": [
            0.004979919882734571,
            1.2681634323421864,
            2.1818082112259423
          ]
        },
        {
          "name": "C",
          "Z": 6,
          "coords": [
            2.055285377276119,
            1.2680165441623936,
            0.7321882147185047
          ]
        },
        {
          "name": "C",
          "Z": 6,
          "coords": [
            1.543149919300641,
            0.011971606525799983,
            0.007038045117556476
          ]
        },
        {
          "name": "C",
          "Z": 6,
          "coords": [
            1.543258399348055,
            2.524047119958936,
            0.006936684076561203
          ]
        },
        {
          "name": "C",
          "Z": 6,
          "coords": [
            -0.507920436252798,
            2.5241939520460597,
            1.4571738608160956
          ]
        },
        {
          "name": "C",
          "Z": 6,
          "coords": [
            -0.5080288247527425,
            0.01211866192524858,
            1.4572751080842237
          ]
        },
        {
          "name": "C",
          "Z": 6,
          "coords": [
            1.5430871309657994,
            1.26809729696835,
            2.1825081789461986
          ]
        },
        {
          "name": "C",
          "Z": 6,
          "coords": [
            -0.5078575685415377,
            1.2680686531938428,
            -0.7182964963248718
          ]
        },
        {
          "name": "H",
          "Z": 1,
          "coords": [
            1.9168502780820542,
            2.1563984294052587,
            2.711059165065909
          ]
        },
        {
          "name": "H",
          "Z": 1,
          "coords": [
            1.9167740544945575,
            0.3798067962089822,
            2.7111313367518113
          ]
        },
        {
          "name": "H",
          "Z": 1,
          "coords": [
            -0.15626428484492494,
            1.2680114503130078,
            -1.7597024082805481
          ]
        },
        {
          "name": "H",
          "Z": 1,
          "coords": [
            -1.6069005953231414,
            1.2681154953353124,
            -0.7340649098019295
          ]
        },
        {
          "name": "H",
          "Z": 1,
          "coords": [
            1.9169583914104131,
            -0.0016911802215131262,
            -1.0265116598667534
          ]
        },
        {
          "name": "H",
          "Z": 1,
          "coords": [
            1.9168371793854149,
            -0.8899242452625508,
            0.5120980367565737
          ]
        },
        {
          "name": "H",
          "Z": 1,
          "coords": [
            1.9170234774279924,
            3.4259516274811745,
            0.5119236869817382
          ]
        },
        {
          "name": "H",
          "Z": 1,
          "coords": [
            1.9170679901361571,
            2.537594048356114,
            -1.0266141051896305
          ]
        },
        {
          "name": "H",
          "Z": 1,
          "coords": [
            -0.15637242886549932,
            3.426100180449059,
            1.9778688246469074
          ]
        },
        {
          "name": "H",
          "Z": 1,
          "coords": [
            -1.606964163134416,
            2.5378462796272485,
            1.4649686955279326
          ]
        },
        {
          "name": "H",
          "Z": 1,
          "coords": [
            -1.6070737581559271,
            -0.0014383779693395353,
            1.465071253565324
          ]
        },
        {
          "name": "H",
          "Z": 1,
          "coords": [
            -0.1565584094024014,
            -0.8897757938964825,
            1.97804275002249
          ]
        },
        {
          "name": "H",
          "Z": 1,
          "coords": [
            -0.36136220888698384,
            -0.8849096595809984,
            -0.5108786361014537
          ]
        },
        {
          "name": "H",
          "Z": 1,
          "coords": [
            -0.3611762299376101,
            3.421051470315865,
            -0.5110518243346933
          ]
        },
        {
          "name": "H",
          "Z": 1,
          "coords": [
            -0.3614693104305906,
            1.2682211199483524,
            3.218106566546544
          ]
        },
        {
          "name": "H",
          "Z": 1,
          "coords": [
            3.1544665777650778,
            1.267969029438068,
            0.7322473760801809
          ]
        }
      ],
      "expGeom": null
    }
  ]
}