{"trainingSet":"HC","nMolecules":2,"atomTypes":[1,6],"params":{"nddoParams":[[2.92438138350038,-6.216618456146459,0.0,-12.199672459535899,0.0,1.0701741972676349,0.0,-13.000857774195575,12.848,0.0,0.0,0.0,0.0],[2.556549970449714,-18.847848613912536,-8.378137787779343,-52.57122145687246,-39.0522381195,1.8376752506934302,1.8045375201535145,-120.60684762314345,12.23,11.47,2.43,11.08,9.84]],"lastHessian":[-48583.98800934083,-36870.51076667558,-62486.58986805822,-41896.525735865,62533.232867281185,254011.3212307915,-21362.45858764596,-32581.1754737515,-27974.590611847816,-66137.77060920256,-217259.43555793492,-303780.0201855134,23516.429546361906,12799.041123798816,18803.31888969522,17362.427679472603,-20064.90622079582,6962.972552173596,10564.785652604769,8477.400060655782,23083.543273969553,78798.28601289773,114007.79207178857,-7574.838828077191,0.0,41084.452141149086,10788.356194098014,-34019.11570108496,14361.135799845215,29105.78292357968,118239.38199086115,165881.39958912507,-12633.063597604632,0.0,0.0,0.0,-676302.6375847403,-22753.63652188389,240011.18843443692,115790.45283724554,-9270.223022213031,0.0,0.0,0.0,0.0,0.0,34036.22007681406,12763.582371917437,0.0,0.0,0.0,0.0,0.0,0.0,0.0,-165794.08702455112,-518490.7456714427,-753390.8874756889,58572.396469571686,0.0,0.0,0.0,0.0,13393.079170782585,51205.622803536244,61596.16241347976,-4733.976502393489,0.0,0.0,0.0,65192.191359528806,111692.64878844842,-7267.629457601288,0.0,0.0,0.0,55093.66459591547,81078.38664727751,-6364.388691508793,0.0,0.0,191730.94020516146,-15038.251394798863,0.0,0.0,634306.9569265936,-47395.722290275444,0.0,-68450.75695764535,0.0,5318.160710885422],"lastGradient":[139887.7869062711,-44454.47118251553,-78450.51110179537,-40433.616391707976,76668.43152456492,209437.48199009348,-20518.75503058959,-30573.930249125446,-24340.79053121216,-57692.49619294421,-219927.28144998002,-274439.1378590751,20953.841596860268],"lastDir":[2.6836197370278393E-4,0.003584341286756582,3.4356566104658715E-4,5.188789060206006E-4,3.8082145715647277E-4,-3.668287358586097E-4,0.0036907643414458824,-2.8895756016741485E-4,-3.0406369263372694E-4,2.3339243496252226E-4,-6.91379855956684E-4,-0.004019240307221378,-0.04955733200041063]},"molecules":[{"index":0,"name":"C1H4 0","restricted":true,"charge":0,"mult":1,"nElectrons":8,"datum":[365.7,0.0,0.0],"kind":"a","uniqueZs":[1,6],"atoms":[{"name":"C","Z":6,"coords":[-0.0020353452609632064,0.0017037190498113486,-0.001951537521233192]},{"name":"H","Z":1,"coords":[0.6291044344959332,0.6328430066729109,0.6291869055367698]},{"name":"H","Z":1,"coords":[0.6291032152741397,-0.6294360585903807,-0.6330907097839373]},{"name":"H","Z":1,"coords":[-0.6331743958131585,-0.6294348436019961,0.6291883597127632]},{"name":"H","Z":1,"coords":[-0.6331746350007673,0.6328427722478872,-0.6330907055505284]}],"expGeom":[{"name":"C","Z":6,"coords":[0.0,0.0,0.0]},{"name":"H","Z":1,"coords":[0.6304,0.6304,0.6304]},{"name":"H","Z":1,"coords":[0.6304,-0.6304,-0.6304]},{"name":"H","Z":1,"coords":[-0.6304,-0.6304,0.6304]},{"name":"H","Z":1,"coords":[-0.6304,0.6304,-0.6304]}]},{"index":1,"name":"C2H4 0","restricted":true,"charge":0,"mult":1,"nElectrons":12,"datum":[52.1,0.0,0.0],"kind":"a","uniqueZs":[1,6],"atoms":[{"name":"C","Z":6,"coords":[0.6595710715287368,-2.479608197996539E-4,-0.003922335995089245]},{"name":"C","Z":6,"coords":[-0.659497145094802,-2.4793859440237493E-4,0.004825380874516466]},{"name":"H","Z":1,"coords":[1.2436585364046715,-2.4796029062352826E-4,0.9048613849597562]},{"name":"H","Z":1,"coords":[1.231554059045472,-2.4798092849243015E-4,-0.9203728151640711]},{"name":"H","Z":1,"coords":[-1.2435846104999126,-2.4793965275462636E-4,-0.903958340080329]},{"name":"H","Z":1,"coords":[-1.231480132611537,-2.4791848570959876E-4,0.9212758600434983]}],"expGeom":[{"name":"C","Z":6,"coords":[0.6642,0.0,0.0]},{"name":"C","Z":6,"coords":[-0.6642,0.0,0.0]},{"name":"H","Z":1,"coords":[1.239,0.0,0.9215]},{"name":"H","Z":1,"coords":[1.239,0.0,-0.9215]},{"name":"H","Z":1,"coords":[-1.239,0.0,-0.9215]},{"name":"H","Z":1,"coords":[-1.239,0.0,0.9215]}]}]}